tribe,address,user name,display name,profile image,eliminated day
red,0x6e32c149094e8007D7Bb838554175470EcF82f3E,AshAEgan,Ash Egan,https://pbs.twimg.com/profile_images/1128099043828170752/BKZrtE9g_normal.jpg,
red,0x10D6d2e343281D388291A3e02f3293AaEdA67178,HelloShreyas,Shreyas Hariharan,https://pbs.twimg.com/profile_images/1730404629047820288/aWvmR7Q__normal.jpg,
red,0xEa4C7bbb46473e2de10f0bA33B28E3aD9c26AF91,mmmargueta,marielisa,https://pbs.twimg.com/profile_images/1417951028717125633/T3jQUlLr_normal.jpg,
red,0x0029Ab135b5Be72168BF80F140D60a9264dbD0C5,A_Balyasnikov,Andrey Balyasnikov,https://pbs.twimg.com/profile_images/1557292213331173376/lTyETYOU_normal.jpg,
red,0x24344dE334423FE32044BCD2AAc9db832F6eeAc7,0xcush,cush 🌞 d/acc,https://pbs.twimg.com/profile_images/1726784062382080001/Q1AfQp3p_normal.png,
red,0xC5A2f28BAcF1425BFAEA14834486F0e9d0832155,arc4g,ARC,https://pbs.twimg.com/profile_images/1497497062836998152/iPgRjlLE_normal.jpg,
red,0xd165EcDE7e7825923c8A53CC0ce8f0D75E200dD0,F4ntast1cMrF0x,Mr. Fox 🦊,https://pbs.twimg.com/profile_images/1671289271720763395/-jbIdHox_normal.jpg,
red,0x19925d26d01C2bDA9240a5f46Fae5c502A850651,0xason,ason,https://pbs.twimg.com/profile_images/1558957359740977154/4DPG7Udz_normal.jpg,
red,0x6D4065cfF95252b12f07e2192D33B264f90796Db,jameswilsterman,James Wilsterman,https://pbs.twimg.com/profile_images/492250951080636418/UT-byXER_normal.png,
red,0x2350125eaFFFc1fd94123410deCF398DAd66d30f,johnsterlacci,sterlacci.eth,https://pbs.twimg.com/profile_images/1521210271355838467/_jD8E7-f_normal.jpg,
red,0x6525ADB227F472D3071DDad6c1f8414E37Ed7456,joshsimoncic,Josh,https://pbs.twimg.com/profile_images/1689393289575710720/jx9qlHSq_normal.jpg,
red,0x8D7160acF17Df37F28e2D39441d3A78c80037463,cdawg510,curtishcheng,https://pbs.twimg.com/profile_images/1496125647395037189/A8Vzl0f0_normal.jpg,
red,0xa251520154ca342f0B1D702Bf5a56F78c982405B,joshcrnls,Josh Cornelius,https://pbs.twimg.com/profile_images/1673718693417701378/mjwNBwgv_normal.jpg,
red,0xcB565Ee70934c5887F9459fb0Dcec6ADD7F43CF2,boogaav,Booga | 🎥 Man of Crypto,https://pbs.twimg.com/profile_images/1554362464065982464/jDDj3qRc_normal.jpg,
red,0x75A63c897B577af6F979078dcD6021BCD97F3ec8,Albumalbum5,Sénèkton,https://pbs.twimg.com/profile_images/1456371880047300610/1x9PV-Hy_normal.jpg,
red,0x42982dAfD5577DB35255bB1Dab0B288464844de1,zkMoira,Moira,https://pbs.twimg.com/profile_images/1715255162330124288/LCHVyKZi_normal.jpg,
red,0xd7536f8FeA24d5742aC4680dD33033DF5F58F21A,NateyG,nate 🆖,https://pbs.twimg.com/profile_images/1664048630188359681/MbfBwpNQ_normal.jpg,
red,0xE7c8712fC60B20693046c71E5012801eaAfc7217,AlexisMasseron,Alexis Masseron,https://pbs.twimg.com/profile_images/1579487672640458752/F_IZrHU6_normal.jpg,
red,0xb9986334BFd05faa2465Fe0c3B4ee2330102A6D4,geezee_games,Geezee,https://pbs.twimg.com/profile_images/1713935965872594944/KNjAmf8T_normal.jpg,
red,0xede5981A891F6BfFEaab13Cc6E1Ec3bbC452C97e,kislam48,kaziislam.eth,https://pbs.twimg.com/profile_images/1576924405963399168/D49uh1pZ_normal.jpg,
red,0x0cDAdDa163f1Bef79Df9dF2a34e7cCB790aEE48f,zjenis,Zeej,https://pbs.twimg.com/profile_images/1651021204822581249/fV_e_Dqw_normal.jpg,
red,0x3F1A421b47c5a9ec1025475a3Fd3e99cE20616A2,magdalenakala,❤️‍🔥👑 mags.eth ⬇️⬇️📍miami,https://pbs.twimg.com/profile_images/1646531544071405572/fttMc_4J_normal.jpg,
red,0x38488DCa8dccFEebfD3CC298436134e3b3aF6B8B,SHL0MS,█̶̳̘͛̄̃͒̄̃͜█̴͇̱̅͒̅█̵̻̣̝͒̈̄̈͝͝█̴̞̜̻̝͍̂̽͜█̷̢,https://pbs.twimg.com/profile_images/1659383482219364353/G0wVDIP1_normal.png,
red,0x5429Bc13a10fAeB468455288678288c3185F3748,sumeet724,Sumeet Singh,https://pbs.twimg.com/profile_images/1607786156120236032/6vDxZkMx_normal.jpg,
red,0x3f0bc0051a30740ddAd3f7694e3034A1019963bB,a1lon9,alon,https://pbs.twimg.com/profile_images/1698011995578961920/haUv3SQy_normal.jpg,
red,0x7Bd8312697dE0CdfF4baD83c6Deb208fF3bB30DC,kaimicahmills,Kai Micah Mills,https://pbs.twimg.com/profile_images/1573032955487797248/ClNvA__N_normal.jpg,
red,0x7310E238f2260ff111a941059B023B3eBCF2D54e,keirsim,KEIRAN,https://pbs.twimg.com/profile_images/1663698868536573955/1_gcB1hS_normal.jpg,
red,0x7EE9033aad1d11a80F1c1e8d769FeACBC97416dB,defi_beats,DeFiBeats.eth 🦇🔊,https://pbs.twimg.com/profile_images/1745089260468813824/kFb18ACm_normal.png,
red,0xd99B95f92Cce2A7BEAa0aB2Fe6b0D9F5D5A30138,domodata,domo,https://pbs.twimg.com/profile_images/1540363498848403461/TIUPOCQx_normal.jpg,
red,0x338699008f8A12422Ab0d69361F7f83741D3CEca,el__ranye,el-ranye.eth,https://pbs.twimg.com/profile_images/1536879354654990337/QldRccS8_normal.jpg,
red,0xcd6CC95D927A342bdd63A7b3F7E281728B291c1E,AleahBoudr20055,Aleah Boudreaux,https://pbs.twimg.com/profile_images/1739322558753689600/IEAgwzqt_normal.jpg,
red,0x1AdC09fa9A173a13Dc5b4E0F85D1Edf7A8C10f50,freezer_boi,hamza s (freezer),https://pbs.twimg.com/profile_images/1465072390241542146/c73hhoVW_normal.jpg,
red,0xA1E01696CF4F62ed4FaDB9c17D8D41E262948e24,nudaoliu,nu,https://pbs.twimg.com/profile_images/1714489163917959168/9nz5ALWf_normal.jpg,
red,0x1f77d34deFF2B72B0A0258603eFFE72704742EBB,p3shoemaker,p3shoemaker,https://pbs.twimg.com/profile_images/1688223133621493761/q6s1tjD7_normal.jpg,
red,0x5008b5DD4bdbD96eD8897e56EBC8e84D2A824687,allsee,allsee,https://pbs.twimg.com/profile_images/1587705687341236224/bgJ0IsBW_normal.jpg,
red,0x5b98d864A86A0C53964d017997f3281f675C0840,maikaisogawa,Maika Isogawa,https://pbs.twimg.com/profile_images/1602801904945614848/7LSDdjfQ_normal.jpg,
red,0x0a4AE9E34Cf37f4B1534CBcD0C9c6B954bdD6d9b,seankkoons,sean koons,https://pbs.twimg.com/profile_images/1745198162980089856/_xEGwFdf_normal.jpg,
red,0x6348547603aA1BE98D85Fad3847e82fDaF7Aa86C,yiryan,Ryan Y Yi,https://pbs.twimg.com/profile_images/1620536072890359809/MPp0I-wo_normal.jpg,
red,0x47Bbf62C4326EFF3353022e7Dd1d9caA5bc97841,BenTerry,Ben Terry,https://pbs.twimg.com/profile_images/1378387721262088199/NYU3Dzag_normal.jpg,
red,0xb393A72280b962E6949f98Df02F4F209D4a65991,JoeyIny,Joey Iny,https://pbs.twimg.com/profile_images/1484227992830152706/vG9X3dyd_normal.png,
